"Model_name","Parameter","rhat","ess_bulk"
"m1_PC1.Eth","z[1]",1.00039724954628,6974.64554858437
"m1_PC1.Eth","z[2]",1.00058941570419,8938.74220463871
"m1_PC1.Eth","z[3]",1.00016719390274,8862.3580278919
"m1_PC1.Eth","z[4]",1.00076989132491,12077.3480187977
"m1_PC1.Eth","a",1.00063085328903,6615.44404554658
"m1_PC1.Eth","b[1]",1.00003588047473,17898.4854671462
"m1_PC1.Eth","b[2]",1.00024188921661,18863.6785543809
"m1_PC1.Eth","b[3]",1.00055713241042,16868.1878884755
"m1_PC1.Eth","b[4]",1.00017521696496,17721.8823087241
"m1_PC1.Eth","sigma_y",1.00008494672463,5257.88989355816
"m1_PC1.Eth","sigma",1.00015268931043,17476.9464957257
"m1_PC1.Eth","y[1]",1.00066360954856,6807.55789091446
"m1_PC1.Eth","y[2]",1.00070208125116,7014.85212303035
"m1_PC1.Eth","y[3]",1.00016653863347,8636.35731804949
"m1_PC1.Eth","y[4]",1.0006055899121,10913.2830283904
"m1_Stature.Eth","z[1]",1.00033969822927,6427.77191989586
"m1_Stature.Eth","z[2]",1.00041307473735,7668.36337813886
"m1_Stature.Eth","z[3]",1.00018484190004,8677.00322375928
"m1_Stature.Eth","z[4]",1.00019235013163,12214.5304155035
"m1_Stature.Eth","a",1.00040517590812,5933.17011552574
"m1_Stature.Eth","b[1]",1.000208259693,17166.7504652303
"m1_Stature.Eth","b[2]",1.00017070337383,18481.7426672677
"m1_Stature.Eth","b[3]",1.00005883008306,18358.1363425498
"m1_Stature.Eth","b[4]",1.0000476752612,17885.876442484
"m1_Stature.Eth","sigma_y",1.00047145533079,4297.05830525488
"m1_Stature.Eth","sigma",1.00021442511397,16354.2461754086
"m1_Stature.Eth","y[1]",1.00049583273027,6052.57257412849
"m1_Stature.Eth","y[2]",1.00039924558892,6186.65093041296
"m1_Stature.Eth","y[3]",1.00023451473871,7936.70326905624
"m1_Stature.Eth","y[4]",0.999984910305551,10477.4438936145
"m1_SitHeight.Eth","z[1]",1.00098569599107,7373.51208992315
"m1_SitHeight.Eth","z[2]",1.00006490839601,8691.75340068071
"m1_SitHeight.Eth","z[3]",1.0017525863332,8803.25129967936
"m1_SitHeight.Eth","z[4]",0.999877884017637,11488.4148228171
"m1_SitHeight.Eth","a",1.00114375960152,6992.28773103174
"m1_SitHeight.Eth","b[1]",1.00070925281584,16177.249536207
"m1_SitHeight.Eth","b[2]",1.00088487310053,17338.2207400791
"m1_SitHeight.Eth","b[3]",1.00029616916237,15653.6636973964
"m1_SitHeight.Eth","b[4]",1.00030280981899,16547.005096971
"m1_SitHeight.Eth","sigma_y",1.00123773910232,4487.71752434599
"m1_SitHeight.Eth","sigma",1.00026046141741,14736.7581984141
"m1_SitHeight.Eth","y[1]",1.00103065160095,7048.03447845637
"m1_SitHeight.Eth","y[2]",1.00074912449879,7236.56588504504
"m1_SitHeight.Eth","y[3]",1.00098874872513,9188.99547874508
"m1_SitHeight.Eth","y[4]",1.00025431994294,10897.4436368333
"m1_ArmSpan.Eth","z[1]",1.00014748585395,7297.90512380606
"m1_ArmSpan.Eth","z[2]",1.00061725301451,9768.25079644257
"m1_ArmSpan.Eth","z[3]",0.999999258311354,9623.34248254029
"m1_ArmSpan.Eth","z[4]",1.00020556198256,11878.1333925136
"m1_ArmSpan.Eth","a",1.00021339931339,7387.24893345437
"m1_ArmSpan.Eth","b[1]",1.00090122077645,16738.0373506365
"m1_ArmSpan.Eth","b[2]",1.00024337668094,16221.1821436104
"m1_ArmSpan.Eth","b[3]",1.00011337662249,17051.4526562894
"m1_ArmSpan.Eth","b[4]",1.00012349468418,16464.7852770851
"m1_ArmSpan.Eth","sigma_y",1.00047133969732,5302.95703685502
"m1_ArmSpan.Eth","sigma",0.999980552841672,14881.5242545286
"m1_ArmSpan.Eth","y[1]",1.00034510942385,7447.19653456931
"m1_ArmSpan.Eth","y[2]",1.000190477998,7383.42226347879
"m1_ArmSpan.Eth","y[3]",0.999975823642492,9199.35504972586
"m1_ArmSpan.Eth","y[4]",0.999982434702939,11718.7935706953
"m1_Leg.Eth","z[1]",1.00003336818909,6404.84949387224
"m1_Leg.Eth","z[2]",1.00013350345224,8501.30327825389
"m1_Leg.Eth","z[3]",1.00008974567897,8816.48545224505
"m1_Leg.Eth","z[4]",1.00008727634537,12235.73645473
"m1_Leg.Eth","a",1.00005006754119,6269.86872805366
"m1_Leg.Eth","b[1]",1.00046144898999,17758.4532662909
"m1_Leg.Eth","b[2]",1.00028915468071,17937.902217894
"m1_Leg.Eth","b[3]",1.0001336432079,18800.5049764369
"m1_Leg.Eth","b[4]",1.00040902775235,18318.5876041173
"m1_Leg.Eth","sigma_y",1.00026852631174,6335.90955424094
"m1_Leg.Eth","sigma",1.00008653483354,16166.9175288916
"m1_Leg.Eth","y[1]",1.00003631198472,6435.15079825899
"m1_Leg.Eth","y[2]",1.00023868923255,7289.25426272469
"m1_Leg.Eth","y[3]",1.00004493903625,8547.2261254926
"m1_Leg.Eth","y[4]",1.00027929633062,11873.1652726833
"m1_Femur.Eth","z[1]",1.00048810110292,7059.74057205051
"m1_Femur.Eth","z[2]",1.00035093889292,7913.73484094677
"m1_Femur.Eth","z[3]",1.00004091977667,8599.98756673601
"m1_Femur.Eth","z[4]",1.00005898177455,11641.8952082283
"m1_Femur.Eth","a",1.00047908092091,6900.06877218919
"m1_Femur.Eth","b[1]",1.00071145262447,16708.9468486376
"m1_Femur.Eth","b[2]",1.00043439019007,14586.2625189787
"m1_Femur.Eth","b[3]",1.00017349554504,15538.1657640802
"m1_Femur.Eth","b[4]",1.00030522025309,15018.5705965172
"m1_Femur.Eth","sigma_y",0.999992578893448,5239.5906854844
"m1_Femur.Eth","sigma",1.0007864094883,13936.5458340063
"m1_Femur.Eth","y[1]",1.00034743295375,6945.5051622494
"m1_Femur.Eth","y[2]",1.00029120554068,7986.88214843658
"m1_Femur.Eth","y[3]",1.00015494264012,8175.79163918264
"m1_Femur.Eth","y[4]",1.00001423310634,11443.5038851851
"m1_Tibia.Eth","z[1]",1.0004872997156,6762.31791704562
"m1_Tibia.Eth","z[2]",1.00009623686892,8593.14444801592
"m1_Tibia.Eth","z[3]",1.00048855136415,8635.0111494261
"m1_Tibia.Eth","z[4]",1.00055010572371,13012.3215506573
"m1_Tibia.Eth","a",1.00041368907291,6603.88039907246
"m1_Tibia.Eth","b[1]",1.00012254776282,16950.2533157756
"m1_Tibia.Eth","b[2]",0.999919153884248,17063.1313087092
"m1_Tibia.Eth","b[3]",1.00021281919809,17857.2399168886
"m1_Tibia.Eth","b[4]",1.00057525852825,16339.0181795829
"m1_Tibia.Eth","sigma_y",1.00104313172746,4416.884548887
"m1_Tibia.Eth","sigma",1.000131078881,15798.7568173453
"m1_Tibia.Eth","y[1]",1.00023679700682,6615.64566001607
"m1_Tibia.Eth","y[2]",1.00031836045377,6994.97876336668
"m1_Tibia.Eth","y[3]",1.00001271602874,8032.68096666918
"m1_Tibia.Eth","y[4]",1.00024801596574,11252.4369763018
"m1_Arm.Eth","z[1]",1.0003488700064,5971.63971360115
"m1_Arm.Eth","z[2]",1.00023218492195,6969.08813902332
"m1_Arm.Eth","z[3]",1.00027860190113,7773.21595291195
"m1_Arm.Eth","z[4]",0.999886929925981,11112.5370477097
"m1_Arm.Eth","a",1.00036635921326,5884.28276416616
"m1_Arm.Eth","b[1]",1.0004285198859,16040.8773283261
"m1_Arm.Eth","b[2]",1.0000939278528,13976.7557594542
"m1_Arm.Eth","b[3]",0.999972059782529,17323.7786148252
"m1_Arm.Eth","b[4]",1.00027411054973,17126.4618374215
"m1_Arm.Eth","sigma_y",1.00101624887267,3780.34983600354
"m1_Arm.Eth","sigma",1.00036293959838,14118.4203723387
"m1_Arm.Eth","y[1]",1.00029101531404,5938.9033018385
"m1_Arm.Eth","y[2]",1.00028066790127,6082.88549061915
"m1_Arm.Eth","y[3]",1.00043253294741,7106.32803355099
"m1_Arm.Eth","y[4]",0.999936730960099,10674.1606173863
"m1_Humerus.Eth","z[1]",1.00031843506256,7753.40804216586
"m1_Humerus.Eth","z[2]",1.00066922630658,8701.30671561725
"m1_Humerus.Eth","z[3]",1.00036475919075,9138.22508957584
"m1_Humerus.Eth","z[4]",1.0001949136051,12469.3039074672
"m1_Humerus.Eth","a",1.00037753802129,7256.26129090066
"m1_Humerus.Eth","b[1]",1.0002696443644,17591.3597059889
"m1_Humerus.Eth","b[2]",1.00013984169854,16449.1467486958
"m1_Humerus.Eth","b[3]",1.00005450933136,16097.9953656897
"m1_Humerus.Eth","b[4]",1.00063578995383,16097.3286908632
"m1_Humerus.Eth","sigma_y",1.00049816331831,4395.94971172957
"m1_Humerus.Eth","sigma",1.0002421102446,12774.1455909804
"m1_Humerus.Eth","y[1]",1.00015053356612,7341.8979970316
"m1_Humerus.Eth","y[2]",1.00047219114419,7239.02675578293
"m1_Humerus.Eth","y[3]",1.00030541114218,8071.09440531954
"m1_Humerus.Eth","y[4]",1.00007019425797,11303.4548272075
"m1_ForearmL.Eth","z[1]",1.00028147273261,7561.67084438946
"m1_ForearmL.Eth","z[2]",1.00018841266566,8821.63565864254
"m1_ForearmL.Eth","z[3]",0.999969915592876,9265.38282662822
"m1_ForearmL.Eth","z[4]",1.00017494358051,12619.0116720974
"m1_ForearmL.Eth","a",1.0006940039073,7207.30287543001
"m1_ForearmL.Eth","b[1]",1.000268080777,16609.9495330391
"m1_ForearmL.Eth","b[2]",1.0005667244159,15530.7003876235
"m1_ForearmL.Eth","b[3]",1.00025020419649,16802.2538586121
"m1_ForearmL.Eth","b[4]",1.00015547427161,17861.1688761171
"m1_ForearmL.Eth","sigma_y",1.00093947932373,4478.94735243441
"m1_ForearmL.Eth","sigma",1.00006092800292,14840.680705128
"m1_ForearmL.Eth","y[1]",1.00073298710719,7379.58854499435
"m1_ForearmL.Eth","y[2]",1.00002720311373,7279.7016743663
"m1_ForearmL.Eth","y[3]",1.00057390536503,7416.92192955558
"m1_ForearmL.Eth","y[4]",1.0001342379052,11903.5154536328
"m1_FootLength.Eth","z[1]",1.00066382912156,5869.35781906776
"m1_FootLength.Eth","z[2]",1.0001400369793,8080.89660075682
"m1_FootLength.Eth","z[3]",1.00032531143059,8123.73641270369
"m1_FootLength.Eth","z[4]",1.00018462162955,10239.8244558604
"m1_FootLength.Eth","a",1.0005073150082,6117.09020730593
"m1_FootLength.Eth","b[1]",1.0005706642095,15945.0077936667
"m1_FootLength.Eth","b[2]",1.00056815958634,14858.0077662707
"m1_FootLength.Eth","b[3]",0.999896722427815,15157.5977829402
"m1_FootLength.Eth","b[4]",1.00026954385911,17144.6031989821
"m1_FootLength.Eth","sigma_y",0.999994045809495,5296.5659464203
"m1_FootLength.Eth","sigma",1.00000266534391,15472.1145860688
"m1_FootLength.Eth","y[1]",1.00051352504438,6299.50398164721
"m1_FootLength.Eth","y[2]",1.00027245089383,6261.01286310413
"m1_FootLength.Eth","y[3]",1.00018034072209,8702.11588520997
"m1_FootLength.Eth","y[4]",1.00014882079487,9539.53523694752
"m1_FootBreadth.Eth","z[1]",1.00053774376017,6508.90134094108
"m1_FootBreadth.Eth","z[2]",1.0004131920718,7815.23255088488
"m1_FootBreadth.Eth","z[3]",1.00096953348176,7501.06761720641
"m1_FootBreadth.Eth","z[4]",1.00091673744232,11706.6293572109
"m1_FootBreadth.Eth","a",1.0002473565162,5985.36296460534
"m1_FootBreadth.Eth","b[1]",1.00038587886783,15583.208709376
"m1_FootBreadth.Eth","b[2]",1.00022941213761,16666.1772577707
"m1_FootBreadth.Eth","b[3]",1.00032702110818,15803.3178262725
"m1_FootBreadth.Eth","b[4]",1.00036877183067,15592.6315812863
"m1_FootBreadth.Eth","sigma_y",1.00201729576042,3715.43364710046
"m1_FootBreadth.Eth","sigma",1.00021785286284,15139.0720732615
"m1_FootBreadth.Eth","y[1]",1.00022047424947,6168.67336863327
"m1_FootBreadth.Eth","y[2]",1.00131005872427,5972.98178066791
"m1_FootBreadth.Eth","y[3]",1.00022795630112,7626.83638831994
"m1_FootBreadth.Eth","y[4]",1.00020763410535,10680.0722355184
"m1_HandLength.Eth","z[1]",1.0005448060237,7590.8161915407
"m1_HandLength.Eth","z[2]",1.00074000307861,8374.97405360596
"m1_HandLength.Eth","z[3]",1.00031359390108,8986.73325869403
"m1_HandLength.Eth","z[4]",1.00028031282506,12377.9857904726
"m1_HandLength.Eth","a",1.0003729057609,7165.59857918877
"m1_HandLength.Eth","b[1]",1.0004888050554,16258.0918573411
"m1_HandLength.Eth","b[2]",1.000540027821,17095.8987241226
"m1_HandLength.Eth","b[3]",1.00037236270667,17244.7362335971
"m1_HandLength.Eth","b[4]",1.00007602573778,17055.5367885959
"m1_HandLength.Eth","sigma_y",1.00109327854078,4267.26741644304
"m1_HandLength.Eth","sigma",1.00087868419712,14668.6398039237
"m1_HandLength.Eth","y[1]",1.00051664762711,7307.49015801279
"m1_HandLength.Eth","y[2]",1.00059995278593,6715.24812999789
"m1_HandLength.Eth","y[3]",1.00023700950813,8467.99253251943
"m1_HandLength.Eth","y[4]",1.00033195669488,11241.808840745
"m1_HandBreadth.Eth","z[1]",1.00023820068229,7490.54305082677
"m1_HandBreadth.Eth","z[2]",1.00011757348202,9118.84931169458
"m1_HandBreadth.Eth","z[3]",1.00029204418918,9173.9832536381
"m1_HandBreadth.Eth","z[4]",1.00046550162061,13134.5915410952
"m1_HandBreadth.Eth","a",1.00029990819672,7098.65182515167
"m1_HandBreadth.Eth","b[1]",1.0005635701117,20094.8377746648
"m1_HandBreadth.Eth","b[2]",1.00006128731953,19859.3420008619
"m1_HandBreadth.Eth","b[3]",1.0000347632029,19138.6946039235
"m1_HandBreadth.Eth","b[4]",1.0009206678157,19182.0897018432
"m1_HandBreadth.Eth","sigma_y",1.00044719560156,5591.8649944388
"m1_HandBreadth.Eth","sigma",1.00039303980038,17746.429658736
"m1_HandBreadth.Eth","y[1]",1.00043795074302,7300.29866844936
"m1_HandBreadth.Eth","y[2]",1.00016721031672,7974.29866022897
"m1_HandBreadth.Eth","y[3]",1.00038861754802,8988.21809146554
"m1_HandBreadth.Eth","y[4]",1.00039432767997,12289.1802731402
"m1_Finger.Eth","z[1]",1.00033514601141,6811.62820868738
"m1_Finger.Eth","z[2]",1.00014887154647,8207.25767435979
"m1_Finger.Eth","z[3]",1.0006430196225,8298.83915032892
"m1_Finger.Eth","z[4]",1.00042500540678,11159.3059734987
"m1_Finger.Eth","a",1.00068878505559,6305.5853575386
"m1_Finger.Eth","b[1]",1.0000236843361,16337.6186857228
"m1_Finger.Eth","b[2]",1.0003877514589,16223.4195356458
"m1_Finger.Eth","b[3]",1.00030353380763,15882.6145488838
"m1_Finger.Eth","b[4]",1.00013663701033,14360.4189505038
"m1_Finger.Eth","sigma_y",1.00017936545793,5276.05423454173
"m1_Finger.Eth","sigma",0.999992101908856,14131.8455009908
"m1_Finger.Eth","y[1]",1.00063097829982,6436.12985098347
"m1_Finger.Eth","y[2]",1.00024287812248,7147.35025469522
"m1_Finger.Eth","y[3]",1.00045399477931,8201.28490451616
"m1_Finger.Eth","y[4]",1.00022891204513,10647.6390366324
"m1_Biiliac.Eth","z[1]",1.00063788013802,6060.37414627426
"m1_Biiliac.Eth","z[2]",1.00057952077527,8119.2279932506
"m1_Biiliac.Eth","z[3]",1.00033150646843,8138.81505804608
"m1_Biiliac.Eth","z[4]",1.00110507646293,10924.0574983055
"m1_Biiliac.Eth","a",1.00108006048357,6134.81842468765
"m1_Biiliac.Eth","b[1]",1.00003390572767,16885.3953747829
"m1_Biiliac.Eth","b[2]",1.00037674886299,18512.5811820975
"m1_Biiliac.Eth","b[3]",1.00023343793896,16065.7127939767
"m1_Biiliac.Eth","b[4]",1.00026686058584,17009.8908103144
"m1_Biiliac.Eth","sigma_y",1.00076830321174,4728.84267416419
"m1_Biiliac.Eth","sigma",1.00029678457989,16475.2925973174
"m1_Biiliac.Eth","y[1]",1.00106801351429,6327.98655145637
"m1_Biiliac.Eth","y[2]",1.0008655562846,6926.03066586704
"m1_Biiliac.Eth","y[3]",1.00032237460041,8588.6705997617
"m1_Biiliac.Eth","y[4]",1.00063565022275,9070.54688579335
"m1_Biacrom.Eth","z[1]",1.0004491037001,6429.50925499782
"m1_Biacrom.Eth","z[2]",1.00035054146995,8476.04302000424
"m1_Biacrom.Eth","z[3]",1.00052327178293,7972.8847257329
"m1_Biacrom.Eth","z[4]",1.00037154928645,12526.1867938836
"m1_Biacrom.Eth","a",1.00044173515231,6231.53985470845
"m1_Biacrom.Eth","b[1]",1.00040174191258,17172.3660363119
"m1_Biacrom.Eth","b[2]",0.999958149474132,16418.2326426279
"m1_Biacrom.Eth","b[3]",1.00016426003269,16254.8335233643
"m1_Biacrom.Eth","b[4]",1.00017858927551,16873.9457637899
"m1_Biacrom.Eth","sigma_y",1.00194086163,4163.45589237253
"m1_Biacrom.Eth","sigma",1.00057606971627,14883.1510801916
"m1_Biacrom.Eth","y[1]",1.00054586516459,6297.29351781201
"m1_Biacrom.Eth","y[2]",1.00043371466569,6721.24832371673
"m1_Biacrom.Eth","y[3]",1.00042094682145,7642.46361990079
"m1_Biacrom.Eth","y[4]",1.00034252632103,10714.5205776529
"m1_Mass.Eth","z[1]",1.00022039680595,6403.44294643535
"m1_Mass.Eth","z[2]",1.00069598549465,7490.04359906315
"m1_Mass.Eth","z[3]",1.00024331443569,8210.65820387114
"m1_Mass.Eth","z[4]",1.00006433218248,11541.8449536618
"m1_Mass.Eth","a",1.00041226558728,6438.4821160608
"m1_Mass.Eth","b[1]",1.0006718321063,17942.6546669213
"m1_Mass.Eth","b[2]",1.000545032371,16385.491133616
"m1_Mass.Eth","b[3]",1.00039476077763,17104.92510998
"m1_Mass.Eth","b[4]",1.00014675704091,17465.3604462642
"m1_Mass.Eth","sigma_y",1.00025878116953,5318.65606646549
"m1_Mass.Eth","sigma",0.999970190018811,15865.7021581948
"m1_Mass.Eth","y[1]",1.00030795123843,6532.70378706016
"m1_Mass.Eth","y[2]",1.00042439812281,7356.7962360031
"m1_Mass.Eth","y[3]",1.00028762121498,8641.45492727976
"m1_Mass.Eth","y[4]",1.00022340181775,11541.1378162057
"m1_Triceps.Eth","z[1]",1.00042380373388,7024.9589938558
"m1_Triceps.Eth","z[2]",1.0003202113021,8566.97535781126
"m1_Triceps.Eth","z[3]",1.00041049567431,9427.46218337449
"m1_Triceps.Eth","z[4]",1.00029994473273,10052.5120428626
"m1_Triceps.Eth","a",1.00029051039292,6824.22692683436
"m1_Triceps.Eth","b[1]",1.00040636933432,15097.8936596447
"m1_Triceps.Eth","b[2]",1.00082244618817,14262.7106231317
"m1_Triceps.Eth","b[3]",1.00056912120141,15018.9901430972
"m1_Triceps.Eth","b[4]",1.00050746456757,15493.4496251672
"m1_Triceps.Eth","sigma_y",1.00073083761656,4016.41124161113
"m1_Triceps.Eth","sigma",1.00045320624032,14318.8294211243
"m1_Triceps.Eth","y[1]",1.00035670708751,7081.87774646527
"m1_Triceps.Eth","y[2]",1.00023523946367,6693.37171264838
"m1_Triceps.Eth","y[3]",1.00027968625795,9094.07363373023
"m1_Triceps.Eth","y[4]",1.00016183549037,10315.558095554
"m1_ForearmC.Eth","z[1]",1.00047066009787,5916.05900720503
"m1_ForearmC.Eth","z[2]",1.00035591753896,7790.53995583702
"m1_ForearmC.Eth","z[3]",1.0006049123582,7375.31249520531
"m1_ForearmC.Eth","z[4]",0.999928382149857,11104.0582707205
"m1_ForearmC.Eth","a",1.00048598980112,6058.54802892437
"m1_ForearmC.Eth","b[1]",1.00089803476647,15304.5104322192
"m1_ForearmC.Eth","b[2]",0.999999001660519,16755.4196173083
"m1_ForearmC.Eth","b[3]",1.0001321978089,17252.6146282207
"m1_ForearmC.Eth","b[4]",1.00003148098005,17794.7565388968
"m1_ForearmC.Eth","sigma_y",1.00039381742536,4119.96171300375
"m1_ForearmC.Eth","sigma",1.00006887164464,13638.293388939
"m1_ForearmC.Eth","y[1]",1.00049349189649,6081.12252847675
"m1_ForearmC.Eth","y[2]",1.00025437131754,5765.14117887595
"m1_ForearmC.Eth","y[3]",1.00058235589497,7957.2406676684
"m1_ForearmC.Eth","y[4]",1.00017556937404,9431.32917098078
"m1_Hrs_Sport.Eth","z[1]",1.00024923131348,8037.0536069956
"m1_Hrs_Sport.Eth","z[2]",1.0006828437834,8985.16234562433
"m1_Hrs_Sport.Eth","z[3]",0.999980149407838,10100.7649197447
"m1_Hrs_Sport.Eth","z[4]",1.00011146080377,13867.9093011975
"m1_Hrs_Sport.Eth","a",1.00050633856251,6492.07846295743
"m1_Hrs_Sport.Eth","b[1]",1.00010054871723,17780.8962106605
"m1_Hrs_Sport.Eth","b[2]",1.00012469432099,16810.8232384931
"m1_Hrs_Sport.Eth","b[3]",1.00058831914506,16904.1756613226
"m1_Hrs_Sport.Eth","b[4]",1.00021019067738,15607.6383417412
"m1_Hrs_Sport.Eth","sigma_y",1.00113440849262,4067.61318285573
"m1_Hrs_Sport.Eth","sigma",1.00011833936858,16125.7671827909
"m1_Hrs_Sport.Eth","y[1]",1.00040922650786,6595.21887213559
"m1_Hrs_Sport.Eth","y[2]",1.00029119254639,6295.32103138427
"m1_Hrs_Sport.Eth","y[3]",1.00008123895481,7909.24278195779
"m1_Hrs_Sport.Eth","y[4]",1.00025352358885,11353.2853347834
"m1_Exp_yrs.Eth","z[1]",1.00022924428595,7208.64212449229
"m1_Exp_yrs.Eth","z[2]",0.999854141018914,8871.23100953291
"m1_Exp_yrs.Eth","z[3]",1.00021478007984,8633.1987883704
"m1_Exp_yrs.Eth","z[4]",1.00009993287623,11744.7001163611
"m1_Exp_yrs.Eth","a",1.0002167385262,6912.26874001504
"m1_Exp_yrs.Eth","b[1]",1.00017725199084,16032.6240537635
"m1_Exp_yrs.Eth","b[2]",0.999911792462013,16871.3869716324
"m1_Exp_yrs.Eth","b[3]",1.00044643824584,15303.5470499984
"m1_Exp_yrs.Eth","b[4]",1.00018065223293,17007.6414424762
"m1_Exp_yrs.Eth","sigma_y",1.0001652984084,4504.17950590474
"m1_Exp_yrs.Eth","sigma",1.00012189876401,15771.350440461
"m1_Exp_yrs.Eth","y[1]",1.00031371093859,6947.89889039685
"m1_Exp_yrs.Eth","y[2]",0.99990947387706,7632.20473460044
"m1_Exp_yrs.Eth","y[3]",1.00036535266757,7345.89465681395
"m1_Exp_yrs.Eth","y[4]",1.0004057095983,11337.7306823087
"m1_SitHeight.Stature.Eth","z[1]",1.00053960573692,7587.37998193248
"m1_SitHeight.Stature.Eth","z[2]",1.0001796586892,8998.84520667277
"m1_SitHeight.Stature.Eth","z[3]",1.00032275541237,8677.62224805763
"m1_SitHeight.Stature.Eth","z[4]",1.00046420282647,12401.8499692035
"m1_SitHeight.Stature.Eth","a",1.00089790016133,6865.06633643528
"m1_SitHeight.Stature.Eth","b[1]",1.00022890918728,11320.4325102601
"m1_SitHeight.Stature.Eth","b[2]",1.00015509017718,9899.29922523686
"m1_SitHeight.Stature.Eth","b[3]",1.00007813019889,11173.7260858082
"m1_SitHeight.Stature.Eth","b[4]",1.00030205236153,9798.83643760335
"m1_SitHeight.Stature.Eth","sigma_y",1.00142014654862,4860.96847271721
"m1_SitHeight.Stature.Eth","d",1.00040092332792,7435.25298931194
"m1_SitHeight.Stature.Eth","sigma",1.00000533506379,14158.4659374716
"m1_SitHeight.Stature.Eth","y[1]",1.00086765736489,6961.47905875192
"m1_SitHeight.Stature.Eth","y[2]",1.00049611047317,7283.95120348093
"m1_SitHeight.Stature.Eth","y[3]",1.00036729752182,7961.72495621639
"m1_SitHeight.Stature.Eth","y[4]",1.00038870557846,11308.6671701363
"m1_ArmSpan.Stature.Eth","z[1]",1.0002625758877,7183.4834378147
"m1_ArmSpan.Stature.Eth","z[2]",1.00000858380863,9247.12663541876
"m1_ArmSpan.Stature.Eth","z[3]",1.00034672130211,8948.06903170657
"m1_ArmSpan.Stature.Eth","z[4]",1.00019202314109,10970.3558220026
"m1_ArmSpan.Stature.Eth","a",1.00028533489147,6651.26145124601
"m1_ArmSpan.Stature.Eth","b[1]",1.00037628401225,10506.976769678
"m1_ArmSpan.Stature.Eth","b[2]",1.00017051471292,9681.35201428498
"m1_ArmSpan.Stature.Eth","b[3]",1.00042341123721,9703.60023825548
"m1_ArmSpan.Stature.Eth","b[4]",1.0002602700773,10300.215479826
"m1_ArmSpan.Stature.Eth","sigma_y",1.00012839790602,4786.94625327913
"m1_ArmSpan.Stature.Eth","d",1.00048275438287,7442.30440042126
"m1_ArmSpan.Stature.Eth","sigma",0.999989634814692,12907.6813975813
"m1_ArmSpan.Stature.Eth","y[1]",1.00043994511529,6733.64494312166
"m1_ArmSpan.Stature.Eth","y[2]",1.00024451989287,6877.45345969091
"m1_ArmSpan.Stature.Eth","y[3]",1.00001168221576,8255.83389206886
"m1_ArmSpan.Stature.Eth","y[4]",1.00000198025896,10194.9327519664
"m1_Leg.Stature.Eth","z[1]",1.00046513928324,6268.44348459531
"m1_Leg.Stature.Eth","z[2]",1.00071980108321,8350.50832936852
"m1_Leg.Stature.Eth","z[3]",1.00106641506473,7694.44769231843
"m1_Leg.Stature.Eth","z[4]",1.00068331313422,12110.8008311773
"m1_Leg.Stature.Eth","a",1.00096944307326,5301.00362924414
"m1_Leg.Stature.Eth","b[1]",1.00025552167541,8508.97351002286
"m1_Leg.Stature.Eth","b[2]",1.0001751883169,8593.40343101641
"m1_Leg.Stature.Eth","b[3]",1.00028906316394,8305.47424941952
"m1_Leg.Stature.Eth","b[4]",1.00112920922403,8280.40135927388
"m1_Leg.Stature.Eth","sigma_y",1.00093867534371,4597.95343611967
"m1_Leg.Stature.Eth","d",1.00055149532217,6361.9773930143
"m1_Leg.Stature.Eth","sigma",1.00029097671394,12398.7715363874
"m1_Leg.Stature.Eth","y[1]",1.00066903611034,5475.85008862092
"m1_Leg.Stature.Eth","y[2]",1.0006725961223,6021.78563928209
"m1_Leg.Stature.Eth","y[3]",1.00074946725315,6797.38549850236
"m1_Leg.Stature.Eth","y[4]",1.00018569674106,9832.24306004411
"m1_Femur.Stature.Eth","z[1]",1.00012256141861,6656.5929647111
"m1_Femur.Stature.Eth","z[2]",1.00045448200818,8230.18778823532
"m1_Femur.Stature.Eth","z[3]",1.00011838680572,8230.91813742687
"m1_Femur.Stature.Eth","z[4]",1.00005464975438,11192.36196317
"m1_Femur.Stature.Eth","a",1.00076306516511,6073.52663906456
"m1_Femur.Stature.Eth","b[1]",1.00018027176774,10765.9870505282
"m1_Femur.Stature.Eth","b[2]",1.00001258466631,11169.2810381076
"m1_Femur.Stature.Eth","b[3]",1.00049259510353,9761.33266372575
"m1_Femur.Stature.Eth","b[4]",1.00010180724524,10810.31989323
"m1_Femur.Stature.Eth","sigma_y",1.00055375143182,5537.89176276446
"m1_Femur.Stature.Eth","d",1.00040202412407,7513.72966339784
"m1_Femur.Stature.Eth","sigma",0.999999334747154,14064.3494085363
"m1_Femur.Stature.Eth","y[1]",1.00063939739576,6168.68947265112
"m1_Femur.Stature.Eth","y[2]",1.00008932692343,6813.02723836495
"m1_Femur.Stature.Eth","y[3]",1.00038653781905,7926.11287794847
"m1_Femur.Stature.Eth","y[4]",0.999943732928964,10413.0106601316
"m1_Tibia.Stature.Eth","z[1]",1.00145306324787,6778.49049524932
"m1_Tibia.Stature.Eth","z[2]",1.00028126079306,9658.7770408278
"m1_Tibia.Stature.Eth","z[3]",1.00021583043677,8897.61158631367
"m1_Tibia.Stature.Eth","z[4]",1.00039557564913,12927.7050633566
"m1_Tibia.Stature.Eth","a",1.00062370397325,6513.68614167719
"m1_Tibia.Stature.Eth","b[1]",1.00009270912251,10192.833293998
"m1_Tibia.Stature.Eth","b[2]",1.00013374191638,9536.89872873654
"m1_Tibia.Stature.Eth","b[3]",1.00011546987703,9753.53159054861
"m1_Tibia.Stature.Eth","b[4]",0.999932852819601,10211.2714357253
"m1_Tibia.Stature.Eth","sigma_y",1.00144143154115,4637.17872891668
"m1_Tibia.Stature.Eth","d",1.00010827525159,7136.84606093406
"m1_Tibia.Stature.Eth","sigma",1.00044369207238,13762.8815402178
"m1_Tibia.Stature.Eth","y[1]",1.00079034439071,6425.29612470907
"m1_Tibia.Stature.Eth","y[2]",1.00127685900711,6695.52246085798
"m1_Tibia.Stature.Eth","y[3]",1.00020934850031,8251.95710501173
"m1_Tibia.Stature.Eth","y[4]",1.00026305408564,11122.6796647647
"m1_Arm.Stature.Eth","z[1]",1.00032193474638,6196.84480760885
"m1_Arm.Stature.Eth","z[2]",1.00009872986109,8238.63228932871
"m1_Arm.Stature.Eth","z[3]",1.00041603382987,8047.68611876777
"m1_Arm.Stature.Eth","z[4]",1.00021637644215,10948.9493417396
"m1_Arm.Stature.Eth","a",1.00052174339263,6030.6697636111
"m1_Arm.Stature.Eth","b[1]",0.999952561754706,10239.9497632757
"m1_Arm.Stature.Eth","b[2]",1.00015661550047,9566.79885765909
"m1_Arm.Stature.Eth","b[3]",1.00006935435658,10774.5897668406
"m1_Arm.Stature.Eth","b[4]",0.999967460801298,10178.163065323
"m1_Arm.Stature.Eth","sigma_y",1.00011738518475,5155.98268004093
"m1_Arm.Stature.Eth","d",1.00043097436394,7557.48119280554
"m1_Arm.Stature.Eth","sigma",1.00005469076702,13617.9195272391
"m1_Arm.Stature.Eth","y[1]",1.00044130931488,6080.09288299018
"m1_Arm.Stature.Eth","y[2]",1.00040603314469,7073.28929727245
"m1_Arm.Stature.Eth","y[3]",1.00027620713999,7654.25025702007
"m1_Arm.Stature.Eth","y[4]",1.00019276787485,10722.9894479463
"m1_Humerus.Stature.Eth","z[1]",1.00073495038843,7574.82863809066
"m1_Humerus.Stature.Eth","z[2]",1.00009370391777,9494.61832227621
"m1_Humerus.Stature.Eth","z[3]",1.0001765138282,9653.92951987262
"m1_Humerus.Stature.Eth","z[4]",1.00015356163913,12373.3489314207
"m1_Humerus.Stature.Eth","a",1.00048814855969,7025.72726940143
"m1_Humerus.Stature.Eth","b[1]",1.00043660510474,13968.3010211006
"m1_Humerus.Stature.Eth","b[2]",1.00019696845454,12843.929847377
"m1_Humerus.Stature.Eth","b[3]",1.00023701375344,14481.4576744928
"m1_Humerus.Stature.Eth","b[4]",1.00015260790132,13201.490549873
"m1_Humerus.Stature.Eth","sigma_y",1.00038505708486,5748.8213728517
"m1_Humerus.Stature.Eth","d",1.00029596134588,10501.9689490109
"m1_Humerus.Stature.Eth","sigma",1.00067411765833,16380.0436356086
"m1_Humerus.Stature.Eth","y[1]",1.00043374160301,7194.60533849236
"m1_Humerus.Stature.Eth","y[2]",1.00032306044335,8040.06710238081
"m1_Humerus.Stature.Eth","y[3]",1.00061418022134,9233.37451312198
"m1_Humerus.Stature.Eth","y[4]",1.00015629899731,12139.226956311
"m1_ForearmL.Stature.Eth","z[1]",1.00025012194647,7312.54721311588
"m1_ForearmL.Stature.Eth","z[2]",1.00036557294992,8891.03591035833
"m1_ForearmL.Stature.Eth","z[3]",1.00035793902667,9569.15260253228
"m1_ForearmL.Stature.Eth","z[4]",1.00052147156729,11792.7112943967
"m1_ForearmL.Stature.Eth","a",1.00071060719384,6599.98007426449
"m1_ForearmL.Stature.Eth","b[1]",1.00015816230309,13162.5726778605
"m1_ForearmL.Stature.Eth","b[2]",1.00035064663279,11304.9907404275
"m1_ForearmL.Stature.Eth","b[3]",1.00021948700707,13179.2075209229
"m1_ForearmL.Stature.Eth","b[4]",1.00034801887715,12352.3252929942
"m1_ForearmL.Stature.Eth","sigma_y",1.00037096622697,5022.95286901587
"m1_ForearmL.Stature.Eth","d",1.00012131312284,9029.71472536622
"m1_ForearmL.Stature.Eth","sigma",1.00003273596282,16069.7966620014
"m1_ForearmL.Stature.Eth","y[1]",1.00078069030883,6644.41671042296
"m1_ForearmL.Stature.Eth","y[2]",1.00023661673293,6912.72849397517
"m1_ForearmL.Stature.Eth","y[3]",1.00045595174339,8361.2684113278
"m1_ForearmL.Stature.Eth","y[4]",1.00021373832784,11645.3719706928
"m1_FootLength.Stature.Eth","z[1]",1.0005753783336,6876.77605089087
"m1_FootLength.Stature.Eth","z[2]",1.0000448676607,8741.60985520881
"m1_FootLength.Stature.Eth","z[3]",1.00067664504333,8957.0021878527
"m1_FootLength.Stature.Eth","z[4]",1.00019009800116,12408.6888985365
"m1_FootLength.Stature.Eth","a",1.00066811191078,6460.87110491321
"m1_FootLength.Stature.Eth","b[1]",1.00006627317861,13505.6877874359
"m1_FootLength.Stature.Eth","b[2]",1.00058093829821,12037.5571735766
"m1_FootLength.Stature.Eth","b[3]",0.999981609999074,15761.9162702891
"m1_FootLength.Stature.Eth","b[4]",1.00025526819581,15171.5702522391
"m1_FootLength.Stature.Eth","sigma_y",1.00090345859092,5581.56659238444
"m1_FootLength.Stature.Eth","d",1.00007330173806,11417.842859616
"m1_FootLength.Stature.Eth","sigma",1.00074452209732,14321.7165310803
"m1_FootLength.Stature.Eth","y[1]",1.00064450325702,6557.63971576178
"m1_FootLength.Stature.Eth","y[2]",1.00046260557915,7173.4023382552
"m1_FootLength.Stature.Eth","y[3]",1.00014320687761,8891.49058843831
"m1_FootLength.Stature.Eth","y[4]",1.00008848147502,11214.0309450941
"m1_FootBreadth.Stature.Eth","z[1]",1.00012587764778,7620.14437392831
"m1_FootBreadth.Stature.Eth","z[2]",1.00029533792612,8858.21365288513
"m1_FootBreadth.Stature.Eth","z[3]",1.00017875708763,9887.5415476256
"m1_FootBreadth.Stature.Eth","z[4]",1.00044887580116,13127.1810343194
"m1_FootBreadth.Stature.Eth","a",1.00008316782382,6818.76743710478
"m1_FootBreadth.Stature.Eth","b[1]",1.00033328267771,18190.1002430048
"m1_FootBreadth.Stature.Eth","b[2]",1.00012541013453,17369.171645155
"m1_FootBreadth.Stature.Eth","b[3]",0.999977187926188,16672.3633939049
"m1_FootBreadth.Stature.Eth","b[4]",1.00021720764604,15142.5997170833
"m1_FootBreadth.Stature.Eth","sigma_y",1.00059684724426,5263.83240550098
"m1_FootBreadth.Stature.Eth","d",1.00014266313708,15021.7257865878
"m1_FootBreadth.Stature.Eth","sigma",1.00130725572017,16439.3988079302
"m1_FootBreadth.Stature.Eth","y[1]",1.00037297767887,7079.83839100031
"m1_FootBreadth.Stature.Eth","y[2]",1.00018213289064,6588.03969891046
"m1_FootBreadth.Stature.Eth","y[3]",1.00021196964,8678.5602565862
"m1_FootBreadth.Stature.Eth","y[4]",0.999990457992258,12446.8755921722
"m1_HandLength.Stature.Eth","z[1]",1.00023340903503,7106.24003277624
"m1_HandLength.Stature.Eth","z[2]",1.00034462369344,8467.39231923101
"m1_HandLength.Stature.Eth","z[3]",1.00007197666799,8803.36287161601
"m1_HandLength.Stature.Eth","z[4]",1.00036187824209,12829.648487143
"m1_HandLength.Stature.Eth","a",1.00048124478152,6961.60402956988
"m1_HandLength.Stature.Eth","b[1]",1.00004352269926,14291.2332421764
"m1_HandLength.Stature.Eth","b[2]",1.00021327477453,12743.442565265
"m1_HandLength.Stature.Eth","b[3]",1.0001345820127,15121.0155897295
"m1_HandLength.Stature.Eth","b[4]",1.00002636598874,13538.7060415366
"m1_HandLength.Stature.Eth","sigma_y",1.00054297716491,5623.77643681577
"m1_HandLength.Stature.Eth","d",1.00029043647502,10166.7460988246
"m1_HandLength.Stature.Eth","sigma",1.00032889223103,15797.0468351021
"m1_HandLength.Stature.Eth","y[1]",1.00049638669679,7105.04154796175
"m1_HandLength.Stature.Eth","y[2]",1.00016737741562,6946.08952683546
"m1_HandLength.Stature.Eth","y[3]",1.00016048716458,8954.73769171994
"m1_HandLength.Stature.Eth","y[4]",1.00002558530577,11803.5622724192
"m1_HandBreadth.Stature.Eth","z[1]",1.00085009165194,6872.04092043143
"m1_HandBreadth.Stature.Eth","z[2]",1.00040868193279,8275.71836241883
"m1_HandBreadth.Stature.Eth","z[3]",1.00063981338166,8730.53986146379
"m1_HandBreadth.Stature.Eth","z[4]",1.0004098380404,12582.6945616112
"m1_HandBreadth.Stature.Eth","a",1.00106515600906,6007.06053968718
"m1_HandBreadth.Stature.Eth","b[1]",0.999965897434211,16986.3709618214
"m1_HandBreadth.Stature.Eth","b[2]",0.99988262844949,16869.0368728236
"m1_HandBreadth.Stature.Eth","b[3]",1.0002574833788,17008.741397556
"m1_HandBreadth.Stature.Eth","b[4]",1.00000548572997,17842.0740258376
"m1_HandBreadth.Stature.Eth","sigma_y",1.00058041372303,5364.81633988989
"m1_HandBreadth.Stature.Eth","d",1.00014480993191,15676.1065680364
"m1_HandBreadth.Stature.Eth","sigma",1.00026339086375,15654.2208932184
"m1_HandBreadth.Stature.Eth","y[1]",1.00118309994639,6253.30009819438
"m1_HandBreadth.Stature.Eth","y[2]",1.00081134666335,6877.88012872831
"m1_HandBreadth.Stature.Eth","y[3]",1.00070780337704,8502.42110254577
"m1_HandBreadth.Stature.Eth","y[4]",1.00036488345743,10586.4550577808
"m1_Finger.Stature.Eth","z[1]",1.00019998871198,7956.8529597306
"m1_Finger.Stature.Eth","z[2]",1.00005396833326,9866.4535709077
"m1_Finger.Stature.Eth","z[3]",1.00010554151709,10614.424277749
"m1_Finger.Stature.Eth","z[4]",1.00036202636054,13712.127622942
"m1_Finger.Stature.Eth","a",1.000399346935,7492.74555052965
"m1_Finger.Stature.Eth","b[1]",1.00024918356788,16367.5669809164
"m1_Finger.Stature.Eth","b[2]",1.00041103074984,16922.1806759559
"m1_Finger.Stature.Eth","b[3]",1.00038066656376,17986.0601171105
"m1_Finger.Stature.Eth","b[4]",0.999965271814342,16730.9686234165
"m1_Finger.Stature.Eth","sigma_y",0.999947820083003,5255.71025548422
"m1_Finger.Stature.Eth","d",0.99996172894849,14219.9099831406
"m1_Finger.Stature.Eth","sigma",1.00004597338088,17079.6864352407
"m1_Finger.Stature.Eth","y[1]",1.00038435801648,7633.3118378334
"m1_Finger.Stature.Eth","y[2]",1.00014699056835,7433.65286018561
"m1_Finger.Stature.Eth","y[3]",1.00004087203041,9294.7430746523
"m1_Finger.Stature.Eth","y[4]",1.00038189436116,12899.7967361732
"m1_Biiliac.Stature.Eth","z[1]",1.00036914153048,6477.34072120275
"m1_Biiliac.Stature.Eth","z[2]",1.00026943972628,8174.47860061523
"m1_Biiliac.Stature.Eth","z[3]",1.00049901351401,8198.47305483755
"m1_Biiliac.Stature.Eth","z[4]",1.00014404034211,11448.7805755617
"m1_Biiliac.Stature.Eth","a",1.00020487152352,6348.19244719228
"m1_Biiliac.Stature.Eth","b[1]",1.00008061109133,14187.5068456777
"m1_Biiliac.Stature.Eth","b[2]",1.00004602556371,15043.9794885413
"m1_Biiliac.Stature.Eth","b[3]",1.00046424966367,15263.850051501
"m1_Biiliac.Stature.Eth","b[4]",1.00018470725652,15409.7568752274
"m1_Biiliac.Stature.Eth","sigma_y",1.00082541151645,6218.00453526963
"m1_Biiliac.Stature.Eth","d",1.00027216552012,12639.8040337732
"m1_Biiliac.Stature.Eth","sigma",1.00006067382213,15534.8369076956
"m1_Biiliac.Stature.Eth","y[1]",1.0002144109158,6451.4053088489
"m1_Biiliac.Stature.Eth","y[2]",1.00046410112577,7415.18416476029
"m1_Biiliac.Stature.Eth","y[3]",1.00002658408887,8547.2234858131
"m1_Biiliac.Stature.Eth","y[4]",1.00008983059672,11231.6479990754
"m1_Biacrom.Stature.Eth","z[1]",1.00017687939098,8062.24503697723
"m1_Biacrom.Stature.Eth","z[2]",1.00052140906634,9552.50108642387
"m1_Biacrom.Stature.Eth","z[3]",1.00004339243126,10134.3183297073
"m1_Biacrom.Stature.Eth","z[4]",1.00001478254705,13174.8281092469
"m1_Biacrom.Stature.Eth","a",1.0001139069501,7384.84340220353
"m1_Biacrom.Stature.Eth","b[1]",1.00022325531927,17128.9136165832
"m1_Biacrom.Stature.Eth","b[2]",0.999983977609236,17647.4878203342
"m1_Biacrom.Stature.Eth","b[3]",1.00003039440201,16653.5809353249
"m1_Biacrom.Stature.Eth","b[4]",1.00015035446656,19415.6033295285
"m1_Biacrom.Stature.Eth","sigma_y",1.00040415213552,5452.98602693301
"m1_Biacrom.Stature.Eth","d",1.00018376286539,14848.4608083345
"m1_Biacrom.Stature.Eth","sigma",1.00055096135943,15724.0886147334
"m1_Biacrom.Stature.Eth","y[1]",1.0001427934895,7560.5022019227
"m1_Biacrom.Stature.Eth","y[2]",1.00062958101855,6970.61369493525
"m1_Biacrom.Stature.Eth","y[3]",1.00014889586617,8822.49805806229
"m1_Biacrom.Stature.Eth","y[4]",1.0000231546379,11895.8809461637
"m1_Mass.Stature.Eth","z[1]",1.00061985186081,6808.2477644874
"m1_Mass.Stature.Eth","z[2]",1.00067559542482,8546.08396435452
"m1_Mass.Stature.Eth","z[3]",1.00005826054567,8632.34388006534
"m1_Mass.Stature.Eth","z[4]",1.00034698707334,10736.0989688955
"m1_Mass.Stature.Eth","a",1.00045485564623,6590.86820111911
"m1_Mass.Stature.Eth","b[1]",1.00022954140188,14936.3205709892
"m1_Mass.Stature.Eth","b[2]",1.00038319964201,14152.8553780782
"m1_Mass.Stature.Eth","b[3]",1.00009280821757,14461.1857913609
"m1_Mass.Stature.Eth","b[4]",1.00076157448569,14339.4476173073
"m1_Mass.Stature.Eth","sigma_y",1.00105711297719,5616.08223875714
"m1_Mass.Stature.Eth","d",1.00044518049508,11638.2283174135
"m1_Mass.Stature.Eth","sigma",1.00017108367379,14945.7868210229
"m1_Mass.Stature.Eth","y[1]",1.00049278863294,6766.86120423138
"m1_Mass.Stature.Eth","y[2]",1.00027349375746,7685.77657223959
"m1_Mass.Stature.Eth","y[3]",1.00007060144153,8589.5164824319
"m1_Mass.Stature.Eth","y[4]",1.0000156908929,10912.3806859487
"m1_Triceps.Hrs_Total.Eth","z[1]",1.00011215852131,6641.67450064762
"m1_Triceps.Hrs_Total.Eth","z[2]",1.00019738518799,8595.90385411457
"m1_Triceps.Hrs_Total.Eth","z[3]",1.00032064331892,9035.04944301485
"m1_Triceps.Hrs_Total.Eth","z[4]",1.0002109348514,13277.3912776815
"m1_Triceps.Hrs_Total.Eth","a",1.00014564700008,6277.16859746785
"m1_Triceps.Hrs_Total.Eth","b[1]",1.00021822361678,17298.6822201084
"m1_Triceps.Hrs_Total.Eth","b[2]",1.00023568110425,18000.8375235837
"m1_Triceps.Hrs_Total.Eth","b[3]",1.0001144417718,17547.4186784034
"m1_Triceps.Hrs_Total.Eth","b[4]",1.00004062856951,17141.0964411392
"m1_Triceps.Hrs_Total.Eth","sigma_y",1.00072287779491,5026.94850674959
"m1_Triceps.Hrs_Total.Eth","d",1.00012783289998,15460.3514401074
"m1_Triceps.Hrs_Total.Eth","sigma",1.00044098927815,15385.1251186016
"m1_Triceps.Hrs_Total.Eth","y[1]",1.00026049054579,6215.94475677634
"m1_Triceps.Hrs_Total.Eth","y[2]",1.00019638754543,5824.96679727134
"m1_Triceps.Hrs_Total.Eth","y[3]",1.00067198362596,8532.21696651036
"m1_Triceps.Hrs_Total.Eth","y[4]",1.00030954769476,12585.778516811
"m1_ForearmC.ForearmL.Eth","z[1]",1.00039192551971,5875.28836431544
"m1_ForearmC.ForearmL.Eth","z[2]",1.00018653767724,8556.86199041205
"m1_ForearmC.ForearmL.Eth","z[3]",1.00019770132381,8201.64545748623
"m1_ForearmC.ForearmL.Eth","z[4]",1.00055546969903,11667.5561053832
"m1_ForearmC.ForearmL.Eth","a",1.0007571177854,5895.29884439206
"m1_ForearmC.ForearmL.Eth","b[1]",1.00036593576274,17118.4608705879
"m1_ForearmC.ForearmL.Eth","b[2]",0.999917976432975,17456.8246311293
"m1_ForearmC.ForearmL.Eth","b[3]",1.00041360359985,16984.0129611084
"m1_ForearmC.ForearmL.Eth","b[4]",1.00034676384653,17527.5503084138
"m1_ForearmC.ForearmL.Eth","sigma_y",1.00056877227025,5818.06281694787
"m1_ForearmC.ForearmL.Eth","d",1.00002898649998,16782.6618451665
"m1_ForearmC.ForearmL.Eth","sigma",1.00018348599919,16136.6303622476
"m1_ForearmC.ForearmL.Eth","y[1]",1.00049021189477,5886.51938367626
"m1_ForearmC.ForearmL.Eth","y[2]",1.00064624891221,6438.2477425475
"m1_ForearmC.ForearmL.Eth","y[3]",1.00008240102374,8291.93810848399
"m1_ForearmC.ForearmL.Eth","y[4]",1.00036920520165,10845.1211874867
"m1_Tibia.Femur.Eth","z[1]",1.00050671162491,6619.85586038994
"m1_Tibia.Femur.Eth","z[2]",1.00031268853083,7736.18979011852
"m1_Tibia.Femur.Eth","z[3]",1.00048801998305,8493.74984250014
"m1_Tibia.Femur.Eth","z[4]",1.00007674200243,11905.4247425669
"m1_Tibia.Femur.Eth","a",1.00084218704789,5963.8954437024
"m1_Tibia.Femur.Eth","b[1]",1.00018828040094,10641.0727031199
"m1_Tibia.Femur.Eth","b[2]",1.00041118490465,9748.76932981549
"m1_Tibia.Femur.Eth","b[3]",1.00014475406582,10621.226499729
"m1_Tibia.Femur.Eth","b[4]",1.00016547011756,9793.50507864975
"m1_Tibia.Femur.Eth","sigma_y",1.00028051324623,4918.43587863994
"m1_Tibia.Femur.Eth","d",1.000271301418,7057.76429650424
"m1_Tibia.Femur.Eth","sigma",1.00007256644539,13275.4916974251
"m1_Tibia.Femur.Eth","y[1]",1.00087692664658,6102.85218802784
"m1_Tibia.Femur.Eth","y[2]",1.00074470322392,6397.91996078895
"m1_Tibia.Femur.Eth","y[3]",1.00048166476032,7789.93917565286
"m1_Tibia.Femur.Eth","y[4]",1.0002415416786,11135.9573432332
"m1_Arm.Leg.Eth","z[1]",1.00063899032329,6483.95801833877
"m1_Arm.Leg.Eth","z[2]",1.00028000644252,7867.0354768149
"m1_Arm.Leg.Eth","z[3]",0.999996260773465,8336.44808883593
"m1_Arm.Leg.Eth","z[4]",1.00012054714547,11023.2662468019
"m1_Arm.Leg.Eth","a",1.00031667198063,5993.43021547774
"m1_Arm.Leg.Eth","b[1]",1.00030387382078,8960.11472856337
"m1_Arm.Leg.Eth","b[2]",1.00062066483195,9248.8892847685
"m1_Arm.Leg.Eth","b[3]",1.00026731582154,9011.78744151214
"m1_Arm.Leg.Eth","b[4]",1.00032790436361,8492.49498046263
"m1_Arm.Leg.Eth","sigma_y",1.00049673765954,4442.784824101
"m1_Arm.Leg.Eth","d",1.0006557242121,6266.56382719364
"m1_Arm.Leg.Eth","sigma",0.99994421885903,12393.3543365804
"m1_Arm.Leg.Eth","y[1]",1.00042779043209,6205.39395889598
"m1_Arm.Leg.Eth","y[2]",1.0003000110649,6501.46253848281
"m1_Arm.Leg.Eth","y[3]",1.00011409499838,7940.01568623956
"m1_Arm.Leg.Eth","y[4]",1.00026772154967,10454.9528601576
"m1_Humerus.Femur.Eth","z[1]",1.0003552822012,7118.39652346239
"m1_Humerus.Femur.Eth","z[2]",1.00037952859129,9013.93879885587
"m1_Humerus.Femur.Eth","z[3]",1.00046991257916,9317.53599720381
"m1_Humerus.Femur.Eth","z[4]",0.99997419147924,13087.9867286634
"m1_Humerus.Femur.Eth","a",1.00033572664086,6638.5137561005
"m1_Humerus.Femur.Eth","b[1]",1.00020838388809,16615.9191970933
"m1_Humerus.Femur.Eth","b[2]",0.999909704154053,16097.7189873527
"m1_Humerus.Femur.Eth","b[3]",0.99992418479366,16257.1744866453
"m1_Humerus.Femur.Eth","b[4]",1.0001277292421,14798.4729755275
"m1_Humerus.Femur.Eth","sigma_y",1.00010424735035,5859.87900487208
"m1_Humerus.Femur.Eth","d",1.00017495421973,12571.5885709576
"m1_Humerus.Femur.Eth","sigma",1.00008813552304,17329.981994062
"m1_Humerus.Femur.Eth","y[1]",1.00045481428827,6818.31456072325
"m1_Humerus.Femur.Eth","y[2]",1.00027112067078,7245.66443207335
"m1_Humerus.Femur.Eth","y[3]",1.00041505124411,8824.38178121348
"m1_Humerus.Femur.Eth","y[4]",0.999901787128616,11949.7027987182
"m1_ForearmL.Humerus.Eth","z[1]",1.00044276839341,6898.82789255741
"m1_ForearmL.Humerus.Eth","z[2]",1.00027588072581,8947.06499574964
"m1_ForearmL.Humerus.Eth","z[3]",1.00028310182562,9075.36234195126
"m1_ForearmL.Humerus.Eth","z[4]",0.999942219855083,12137.2281360017
"m1_ForearmL.Humerus.Eth","a",1.00006167249077,6533.63027361206
"m1_ForearmL.Humerus.Eth","b[1]",1.00043785989026,14331.2205652929
"m1_ForearmL.Humerus.Eth","b[2]",1.00053060302954,13364.5592067434
"m1_ForearmL.Humerus.Eth","b[3]",1.00007125101543,14586.2982728377
"m1_ForearmL.Humerus.Eth","b[4]",1.0001724670832,14533.8419727982
"m1_ForearmL.Humerus.Eth","sigma_y",1.00068617376902,5549.53179700539
"m1_ForearmL.Humerus.Eth","d",1.00034097496979,11364.3047290089
"m1_ForearmL.Humerus.Eth","sigma",1.00038384972855,15178.9909083191
"m1_ForearmL.Humerus.Eth","y[1]",1.00023853137216,6503.64767935407
"m1_ForearmL.Humerus.Eth","y[2]",1.00008868156696,6886.25785667887
"m1_ForearmL.Humerus.Eth","y[3]",1.00028227310857,7929.77410946406
"m1_ForearmL.Humerus.Eth","y[4]",0.999959203581417,11367.3979026819
"m1_Finger.HandLength.Eth","z[1]",1.00040610888117,6229.98396590229
"m1_Finger.HandLength.Eth","z[2]",1.00014116911778,7876.68231168188
"m1_Finger.HandLength.Eth","z[3]",1.00038394560565,8691.0779799863
"m1_Finger.HandLength.Eth","z[4]",1.00009074740337,10526.1004048063
"m1_Finger.HandLength.Eth","a",1.00030521021918,6121.45193525295
"m1_Finger.HandLength.Eth","b[1]",1.00052776921771,8954.03302739579
"m1_Finger.HandLength.Eth","b[2]",1.00031115545094,7987.01458416555
"m1_Finger.HandLength.Eth","b[3]",1.00035543040761,8028.25283548373
"m1_Finger.HandLength.Eth","b[4]",1.00064310563552,8402.47344031091
"m1_Finger.HandLength.Eth","sigma_y",1.00084153592134,5232.34115576089
"m1_Finger.HandLength.Eth","d",1.00077439997423,6087.38338207333
"m1_Finger.HandLength.Eth","sigma",1.00023468721442,11968.9371671008
"m1_Finger.HandLength.Eth","y[1]",1.00025982727418,6294.92935699451
"m1_Finger.HandLength.Eth","y[2]",1.00006457665981,6875.86788168325
"m1_Finger.HandLength.Eth","y[3]",1.00037118130099,8408.0066536313
"m1_Finger.HandLength.Eth","y[4]",1.00017537577678,10474.4264546655
"m1_Biacrom.Biiliac.Eth","z[1]",1.00022573628579,7225.38588920938
"m1_Biacrom.Biiliac.Eth","z[2]",0.999975795084749,9802.45572770959
"m1_Biacrom.Biiliac.Eth","z[3]",1.0000793526906,9566.1599796512
"m1_Biacrom.Biiliac.Eth","z[4]",1.00022425262852,13788.9510862837
"m1_Biacrom.Biiliac.Eth","a",1.00034362022136,7195.09746303241
"m1_Biacrom.Biiliac.Eth","b[1]",1.00034768059538,18420.8691484339
"m1_Biacrom.Biiliac.Eth","b[2]",1.00046196362115,19647.8735997785
"m1_Biacrom.Biiliac.Eth","b[3]",1.00023115572239,19972.8311233125
"m1_Biacrom.Biiliac.Eth","b[4]",1.00055262206646,19016.9049153211
"m1_Biacrom.Biiliac.Eth","sigma_y",1.0002484007311,6347.11334704639
"m1_Biacrom.Biiliac.Eth","d",1.00006608504873,18898.3968127062
"m1_Biacrom.Biiliac.Eth","sigma",1.000100275659,19740.5967365351
"m1_Biacrom.Biiliac.Eth","y[1]",1.00034261664846,7325.57184290052
"m1_Biacrom.Biiliac.Eth","y[2]",1.00022151455087,7869.03231009824
"m1_Biacrom.Biiliac.Eth","y[3]",1.00016733160548,9650.77415615234
"m1_Biacrom.Biiliac.Eth","y[4]",1.00036467821755,12746.3908221102
"m1_ForearmC.Hrs_Total.Eth","z[1]",1.00024028204845,7716.45700613268
"m1_ForearmC.Hrs_Total.Eth","z[2]",1.00120878444823,8761.10346972786
"m1_ForearmC.Hrs_Total.Eth","z[3]",1.0004364857919,9608.32728510001
"m1_ForearmC.Hrs_Total.Eth","z[4]",1.00039712299905,12491.9465105847
"m1_ForearmC.Hrs_Total.Eth","a",1.00033505772301,6926.34276140917
"m1_ForearmC.Hrs_Total.Eth","b[1]",1.000377210005,17158.7162390563
"m1_ForearmC.Hrs_Total.Eth","b[2]",1.00084061546057,17098.8539686601
"m1_ForearmC.Hrs_Total.Eth","b[3]",0.999893248122534,15121.754152363
"m1_ForearmC.Hrs_Total.Eth","b[4]",1.00039408792811,17280.3117841832
"m1_ForearmC.Hrs_Total.Eth","sigma_y",1.00092105261742,4683.32264945155
"m1_ForearmC.Hrs_Total.Eth","d",1.00035268631028,15109.4251525799
"m1_ForearmC.Hrs_Total.Eth","sigma",1.00009135163014,16057.6736339554
"m1_ForearmC.Hrs_Total.Eth","y[1]",1.00017191210588,7073.31128348738
"m1_ForearmC.Hrs_Total.Eth","y[2]",1.00078965803798,6537.57660836086
"m1_ForearmC.Hrs_Total.Eth","y[3]",1.00010123631595,8669.87861229417
"m1_ForearmC.Hrs_Total.Eth","y[4]",1.00037991239411,11314.6908240863
"m1_ForearmC.ForearmL.Hrs_Total.Eth","z[1]",1.00031746119749,6045.95010694976
"m1_ForearmC.ForearmL.Hrs_Total.Eth","z[2]",1.00030321976552,8659.88588239709
"m1_ForearmC.ForearmL.Hrs_Total.Eth","z[3]",1.00056814556678,7357.06076338689
"m1_ForearmC.ForearmL.Hrs_Total.Eth","z[4]",1.00013700480591,11279.1953301097
"m1_ForearmC.ForearmL.Hrs_Total.Eth","a",1.00038622645885,5994.61472100749
"m1_ForearmC.ForearmL.Hrs_Total.Eth","b[1]",1.00061695623413,14146.5902686962
"m1_ForearmC.ForearmL.Hrs_Total.Eth","b[2]",1.00026671660032,15752.5286920916
"m1_ForearmC.ForearmL.Hrs_Total.Eth","b[3]",1.00014136408235,12300.4763690786
"m1_ForearmC.ForearmL.Hrs_Total.Eth","b[4]",1.00036864443367,15121.7548955657
"m1_ForearmC.ForearmL.Hrs_Total.Eth","sigma_y",1.00022024741691,5751.91158341945
"m1_ForearmC.ForearmL.Hrs_Total.Eth","d",1.00007738113629,14481.809121651
"m1_ForearmC.ForearmL.Hrs_Total.Eth","e",1.00020592912916,13295.5838372095
"m1_ForearmC.ForearmL.Hrs_Total.Eth","sigma",1.00022143767529,12967.8879713344
"m1_ForearmC.ForearmL.Hrs_Total.Eth","y[1]",1.00022912982459,6025.86632704475
"m1_ForearmC.ForearmL.Hrs_Total.Eth","y[2]",1.00020050309728,6410.41161408314
"m1_ForearmC.ForearmL.Hrs_Total.Eth","y[3]",1.00041193097728,7898.71800833327
"m1_ForearmC.ForearmL.Hrs_Total.Eth","y[4]",1.00031273448315,11595.5253754935
"m1_PC1","a",1.00000371842291,25291.6580686498
"m1_PC1","b[1]",1.00070206557472,24881.795137507
"m1_PC1","b[2]",1.00014361547,23910.6695339136
"m1_PC1","b[3]",1.00034569923894,26294.791756125
"m1_PC1","b[4]",1.00000987984206,24521.8798742567
"m1_PC1","sigma",1.00034253325646,23614.3861460626
"m1_Stature","a",1.00010585796009,22802.4414154227
"m1_Stature","b[1]",1.0004893092852,21969.7294805031
"m1_Stature","b[2]",1.00072096007039,23166.6899580868
"m1_Stature","b[3]",1.000099460686,23117.2735108804
"m1_Stature","b[4]",1.00063394871793,23501.5389315941
"m1_Stature","sigma",1.00051045105576,20109.1378081522
"m1_SitHeight","a",1.00032882449007,23915.5731622751
"m1_SitHeight","b[1]",1.00070571598681,23470.0885262494
"m1_SitHeight","b[2]",0.999926829280304,22958.9559367894
"m1_SitHeight","b[3]",1.00035392275152,22577.1241963558
"m1_SitHeight","b[4]",1.00096573934502,23534.4341987442
"m1_SitHeight","sigma",1.00039245841411,21874.4805472984
"m1_ArmSpan","a",1.00052709317933,22973.3222861036
"m1_ArmSpan","b[1]",1.00049025369261,24636.2768828511
"m1_ArmSpan","b[2]",1.0009689924614,25533.7346666664
"m1_ArmSpan","b[3]",1.00025079531166,24413.5882122419
"m1_ArmSpan","b[4]",1.00036555786317,25462.2451903497
"m1_ArmSpan","sigma",1.00023107098596,23251.2664212411
"m1_Leg","a",1.0002859274697,22678.6903637637
"m1_Leg","b[1]",1.00025106524161,23098.4504808687
"m1_Leg","b[2]",1.00075166670739,23978.8513628626
"m1_Leg","b[3]",1.00004894231026,22247.2408401607
"m1_Leg","b[4]",0.999979581386951,24497.7832245985
"m1_Leg","sigma",1.00025871985304,23744.9934767881
"m1_Femur","a",1.00035286554863,25927.7542115421
"m1_Femur","b[1]",1.00036116971933,25956.8446152268
"m1_Femur","b[2]",1.00002604417435,25632.2837142133
"m1_Femur","b[3]",1.00029253368418,26111.8277011388
"m1_Femur","b[4]",1.00101943031608,26987.2800406624
"m1_Femur","sigma",1.00026095424595,27138.9769394683
"m1_Tibia","a",1.00014619627905,23504.4447488668
"m1_Tibia","b[1]",1.00010052899767,22836.8805141084
"m1_Tibia","b[2]",1.0001916949487,22014.8775075285
"m1_Tibia","b[3]",1.00005338581001,23056.0183287427
"m1_Tibia","b[4]",0.999977507488837,23036.9040965952
"m1_Tibia","sigma",0.999896166761846,23449.2753797434
"m1_Arm","a",1.000344227625,23259.8926645971
"m1_Arm","b[1]",1.00044425552817,22557.4935751931
"m1_Arm","b[2]",1.00050686052263,21961.5614280697
"m1_Arm","b[3]",1.00000109961598,21963.9916718115
"m1_Arm","b[4]",1.00074343442937,23542.6878611148
"m1_Arm","sigma",1.00035831763475,19210.9516892576
"m1_Humerus","a",1.00004278340186,23598.7369870475
"m1_Humerus","b[1]",1.00040627071949,23457.7417863199
"m1_Humerus","b[2]",1.00043517729989,24902.0783799395
"m1_Humerus","b[3]",1.00011806553193,24409.6658629455
"m1_Humerus","b[4]",0.999961937355314,24556.8547508706
"m1_Humerus","sigma",1.00016257083454,23092.4289590013
"m1_ForearmL","a",0.999895059418232,22584.9848726397
"m1_ForearmL","b[1]",1.00032829371202,24542.9374363762
"m1_ForearmL","b[2]",1.0003100418598,24727.1219922627
"m1_ForearmL","b[3]",1.00077108889855,25080.8681279456
"m1_ForearmL","b[4]",1.00030083002025,25505.4182585953
"m1_ForearmL","sigma",1.00025739112045,22536.1255070099
"m1_FootLength","a",1.00010965338692,25627.2456004307
"m1_FootLength","b[1]",0.999933450950611,26129.7575476819
"m1_FootLength","b[2]",1.00039578366606,26771.9702132001
"m1_FootLength","b[3]",1.00070171204241,25935.0427878324
"m1_FootLength","b[4]",1.00012098375326,24737.4467004342
"m1_FootLength","sigma",1.00019721745929,25961.546008898
"m1_FootBreadth","a",1.00099530863547,21220.3215355419
"m1_FootBreadth","b[1]",0.999941042778388,24265.7800492379
"m1_FootBreadth","b[2]",1.00000545237529,24732.4784183639
"m1_FootBreadth","b[3]",1.00061308365576,24092.5356665206
"m1_FootBreadth","b[4]",1.00014673558085,20716.633514489
"m1_FootBreadth","sigma",1.00055024775561,22910.1518419402
"m1_HandLength","a",1.00089609754125,23588.1383033057
"m1_HandLength","b[1]",1.00017305138063,24003.0829942503
"m1_HandLength","b[2]",1.00023425399457,23242.3551152345
"m1_HandLength","b[3]",1.00031682126143,24033.8721586362
"m1_HandLength","b[4]",1.00007261507805,22534.001086363
"m1_HandLength","sigma",1.0002030568218,23145.5092603873
"m1_HandBreadth","a",1.00047264796861,22641.7136034496
"m1_HandBreadth","b[1]",0.999990796205203,24373.1880176021
"m1_HandBreadth","b[2]",1.00034186025726,23614.5658994376
"m1_HandBreadth","b[3]",1.00039133792273,22398.350347448
"m1_HandBreadth","b[4]",1.00045754125132,23574.9675385183
"m1_HandBreadth","sigma",1.0000098920006,21850.7636298175
"m1_Finger","a",1.00047347340995,24518.7082252523
"m1_Finger","b[1]",1.00058915626033,23371.7758427111
"m1_Finger","b[2]",1.00010354644717,25602.739021621
"m1_Finger","b[3]",1.00039498164293,25070.7526946207
"m1_Finger","b[4]",1.00133134132273,25962.4145166428
"m1_Finger","sigma",1.00007696352664,23014.7415558023
"m1_Biiliac","a",1.00030020017614,22363.043436892
"m1_Biiliac","b[1]",0.999981312102234,22813.2772033389
"m1_Biiliac","b[2]",1.00026800709841,21985.7715819245
"m1_Biiliac","b[3]",0.99997641032301,24845.4719651294
"m1_Biiliac","b[4]",1.00060798549132,22083.1833592118
"m1_Biiliac","sigma",1.00060810820496,23064.9451537212
"m1_Biacrom","a",1.00053369119548,21623.6919411665
"m1_Biacrom","b[1]",1.00010246148245,21891.1137632517
"m1_Biacrom","b[2]",1.00089901635835,23439.5218777181
"m1_Biacrom","b[3]",1.00013630636957,23406.9597784573
"m1_Biacrom","b[4]",0.999914024860076,24465.4427967878
"m1_Biacrom","sigma",1.00045637214759,21499.507210938
"m1_Mass","a",1.00031800680312,21336.2013676613
"m1_Mass","b[1]",0.999960094182959,21298.8778360117
"m1_Mass","b[2]",1.00035518362653,19077.0062751356
"m1_Mass","b[3]",1.00104104193922,19496.1954775338
"m1_Mass","b[4]",1.00045568043685,21407.3843698429
"m1_Mass","sigma",1.00049641112385,21255.0251912245
"m1_Triceps","a",1.00021616797311,24706.0760587992
"m1_Triceps","b[1]",1.00006755374854,23214.6180163807
"m1_Triceps","b[2]",1.00047508814346,23446.2290216551
"m1_Triceps","b[3]",1.00010126747793,25401.8347822346
"m1_Triceps","b[4]",1.00044800548253,24045.9709547296
"m1_Triceps","sigma",1.00024579615143,22792.6762749765
"m1_ForearmC","a",1.00008643040976,16514.7578314313
"m1_ForearmC","b[1]",1.0001981511733,20469.8692615684
"m1_ForearmC","b[2]",1.00024118744975,19158.0453218759
"m1_ForearmC","b[3]",1.00033897206278,20495.6413183005
"m1_ForearmC","b[4]",1.00048127654043,19701.6256185164
"m1_ForearmC","sigma",1.00000997840051,20562.748384326
"m1_Hrs_Sport","a",1.00005073734102,23148.1610880902
"m1_Hrs_Sport","b[1]",1.00052057028593,23703.5893845455
"m1_Hrs_Sport","b[2]",1.00023927712597,21758.5642886173
"m1_Hrs_Sport","b[3]",0.999979782365554,24177.2851098372
"m1_Hrs_Sport","b[4]",0.999869126137388,22465.9702415617
"m1_Hrs_Sport","sigma",1.00034248357896,22631.1912139597
"m1_Exp_yrs","a",1.00033653136633,23362.2696144434
"m1_Exp_yrs","b[1]",0.99991537061606,26390.8626861007
"m1_Exp_yrs","b[2]",1.0005207168501,26714.4554754985
"m1_Exp_yrs","b[3]",1.00023367476972,24514.850847
"m1_Exp_yrs","b[4]",1.00003226736523,23535.3687387468
"m1_Exp_yrs","sigma",1.00032050670292,23541.5045435307
"m1_SitHeight.Stature","a",1.00051480756059,14172.1246773186
"m1_SitHeight.Stature","b[1]",1.00065975197457,9966.766254863
"m1_SitHeight.Stature","b[2]",1.00002040870596,9730.13201615254
"m1_SitHeight.Stature","b[3]",0.999993199746609,11026.0095646831
"m1_SitHeight.Stature","b[4]",1.00015639811824,9619.48895208761
"m1_SitHeight.Stature","d",1.00019239429767,7759.55791695953
"m1_SitHeight.Stature","sigma",1.00009093957049,12415.7559992186
"m1_ArmSpan.Stature","a",1.0001437854137,14501.5621468355
"m1_ArmSpan.Stature","b[1]",1.00003499274061,9363.47073834723
"m1_ArmSpan.Stature","b[2]",1.00027647870415,8393.99407545502
"m1_ArmSpan.Stature","b[3]",1.00016862224797,9578.99360995426
"m1_ArmSpan.Stature","b[4]",1.00020068251592,8803.95895094652
"m1_ArmSpan.Stature","d",1.0001472622028,6143.3707936342
"m1_ArmSpan.Stature","sigma",1.00009932606443,13902.4311370221
"m1_Leg.Stature","a",1.00002816914468,12417.5745454296
"m1_Leg.Stature","b[1]",1.00015233272358,9478.7422671193
"m1_Leg.Stature","b[2]",1.00045587051837,9310.39083693022
"m1_Leg.Stature","b[3]",0.999995567101295,8908.43174980271
"m1_Leg.Stature","b[4]",1.00028498688692,9304.81059415078
"m1_Leg.Stature","d",1.00028306448338,7483.79794367462
"m1_Leg.Stature","sigma",0.999965486761693,12460.9048133269
"m1_Femur.Stature","a",1.00006652884655,13179.9421677003
"m1_Femur.Stature","b[1]",1.00028537973604,10776.2089547172
"m1_Femur.Stature","b[2]",1.00012861545407,9923.60643927764
"m1_Femur.Stature","b[3]",0.999980084330459,9769.67422489094
"m1_Femur.Stature","b[4]",1.00026964349412,9983.72038217377
"m1_Femur.Stature","d",1.00014771413944,7462.27689022879
"m1_Femur.Stature","sigma",1.00007310682876,13080.2502842179
"m1_Tibia.Stature","a",1.00060504675189,13657.1317944952
"m1_Tibia.Stature","b[1]",0.999992630100735,9288.09322646729
"m1_Tibia.Stature","b[2]",1.00023215526428,9079.9349382969
"m1_Tibia.Stature","b[3]",1.00040254844236,9452.46694839237
"m1_Tibia.Stature","b[4]",0.999950613805892,9898.47724571657
"m1_Tibia.Stature","d",1.0004212468798,6779.46145942383
"m1_Tibia.Stature","sigma",1.00002983909741,13185.2808807584
"m1_Arm.Stature","a",1.00004834572758,14775.2108135709
"m1_Arm.Stature","b[1]",1.00018515209041,9903.94501318825
"m1_Arm.Stature","b[2]",1.00015081867862,8796.8534802017
"m1_Arm.Stature","b[3]",1.00019911115472,10365.0851567372
"m1_Arm.Stature","b[4]",1.00020655831897,8927.6932205209
"m1_Arm.Stature","d",1.0002071541495,6763.48934381006
"m1_Arm.Stature","sigma",0.999986635122006,13921.5715904272
"m1_Humerus.Stature","a",1.00014135237822,17978.165979748
"m1_Humerus.Stature","b[1]",1.00015015578879,14480.7928717724
"m1_Humerus.Stature","b[2]",1.00010728109363,14178.1138387161
"m1_Humerus.Stature","b[3]",1.00059483163058,15282.1105914293
"m1_Humerus.Stature","b[4]",1.00066195768585,12962.1249963861
"m1_Humerus.Stature","d",1.00033479330253,10531.941532313
"m1_Humerus.Stature","sigma",1.00035910938081,17079.290121413
"m1_ForearmL.Stature","a",1.00019199767735,13870.24371502
"m1_ForearmL.Stature","b[1]",1.00004195685307,12781.5478988345
"m1_ForearmL.Stature","b[2]",1.00045177474939,11711.8310002434
"m1_ForearmL.Stature","b[3]",0.999834125613804,12328.1744730086
"m1_ForearmL.Stature","b[4]",1.00026115813152,11571.2436755864
"m1_ForearmL.Stature","d",1.00026263536855,8982.5829498974
"m1_ForearmL.Stature","sigma",1.00023789992104,14737.4026445099
"m1_FootLength.Stature","a",1.00003080798801,16965.6831632783
"m1_FootLength.Stature","b[1]",1.00012945072947,14269.8243665782
"m1_FootLength.Stature","b[2]",1.00011211756676,13955.638698849
"m1_FootLength.Stature","b[3]",1.000459889265,16329.1974415873
"m1_FootLength.Stature","b[4]",0.999991530368846,15510.8371149077
"m1_FootLength.Stature","d",1.00031155076768,11174.6765604535
"m1_FootLength.Stature","sigma",1.00021346833358,16093.5735212849
"m1_FootBreadth.Stature","a",1.00027308353847,21152.5125482834
"m1_FootBreadth.Stature","b[1]",1.0009702589081,18837.1491374751
"m1_FootBreadth.Stature","b[2]",1.0000930898324,19618.9276548505
"m1_FootBreadth.Stature","b[3]",1.00040187601227,21159.5336348719
"m1_FootBreadth.Stature","b[4]",1.00010268773692,18591.0539303281
"m1_FootBreadth.Stature","d",1.00020409722151,15655.3981791587
"m1_FootBreadth.Stature","sigma",1.00005251693619,20912.3960163441
"m1_HandLength.Stature","a",0.999932611362352,18846.7220226766
"m1_HandLength.Stature","b[1]",1.00043772499073,15497.0868140404
"m1_HandLength.Stature","b[2]",1.00058819941598,15197.6587021119
"m1_HandLength.Stature","b[3]",1.00043510816165,16483.1725003267
"m1_HandLength.Stature","b[4]",1.00017078954784,13479.1177527762
"m1_HandLength.Stature","d",1.00039609235561,11263.3462565286
"m1_HandLength.Stature","sigma",1.00027965949544,18044.7597638304
"m1_HandBreadth.Stature","a",1.00028498545036,22522.9447318969
"m1_HandBreadth.Stature","b[1]",1.00007183775681,20929.7861754607
"m1_HandBreadth.Stature","b[2]",0.999955811663374,20298.7943284319
"m1_HandBreadth.Stature","b[3]",1.00022543542381,23766.3202693426
"m1_HandBreadth.Stature","b[4]",1.00016416948699,22574.0845362516
"m1_HandBreadth.Stature","d",1.00017064954386,18357.2756295628
"m1_HandBreadth.Stature","sigma",1.00011327322087,22195.5326028304
"m1_Finger.Stature","a",1.00012589771051,16295.7983158557
"m1_Finger.Stature","b[1]",1.00002801876122,14416.2930408202
"m1_Finger.Stature","b[2]",1.00025959426849,12931.6396399603
"m1_Finger.Stature","b[3]",1.00021546694244,15756.2471441946
"m1_Finger.Stature","b[4]",1.00015195250355,13425.6843972125
"m1_Finger.Stature","d",1.00009404681631,10737.9697544076
"m1_Finger.Stature","sigma",1.00038283645777,17503.1666625214
"m1_Biiliac.Stature","a",1.00016337338343,19490.589454599
"m1_Biiliac.Stature","b[1]",1.00021463392914,19422.4615282894
"m1_Biiliac.Stature","b[2]",0.999987937553381,18776.0047183544
"m1_Biiliac.Stature","b[3]",1.00060984789205,17988.8487484841
"m1_Biiliac.Stature","b[4]",1.00015552779489,18537.6223718581
"m1_Biiliac.Stature","d",1.00017314929497,14401.3226152098
"m1_Biiliac.Stature","sigma",1.00053837767912,19469.0912464291
"m1_Biacrom.Stature","a",1.00018989489879,20013.0342400435
"m1_Biacrom.Stature","b[1]",1.00042080809083,19316.2737078807
"m1_Biacrom.Stature","b[2]",1.00014895227379,19938.1122400624
"m1_Biacrom.Stature","b[3]",1.00004280109609,21083.8517667578
"m1_Biacrom.Stature","b[4]",1.00017007681694,21944.2917428976
"m1_Biacrom.Stature","d",1.00011646301324,16886.18247043
"m1_Biacrom.Stature","sigma",1.00007220170328,20247.3996379506
"m1_Mass.Stature","a",1.00056947789971,19435.7071631404
"m1_Mass.Stature","b[1]",1.00006488420447,16975.1374667397
"m1_Mass.Stature","b[2]",1.00028758825781,15507.247824886
"m1_Mass.Stature","b[3]",0.999990803390821,17009.0573015079
"m1_Mass.Stature","b[4]",1.00024737164085,16317.0725733784
"m1_Mass.Stature","d",1.0001103232516,12405.20402303
"m1_Mass.Stature","sigma",1.00048943510364,17909.2979882442
"m1_Triceps.Hrs_Total","a",1.000265854045,23760.4675403143
"m1_Triceps.Hrs_Total","b[1]",1.00050511721583,21487.4874476983
"m1_Triceps.Hrs_Total","b[2]",0.999923724510065,20378.7004207595
"m1_Triceps.Hrs_Total","b[3]",1.00011860350761,22226.0506841409
"m1_Triceps.Hrs_Total","b[4]",1.00024416772992,21826.854322115
"m1_Triceps.Hrs_Total","d",1.00041386160185,20021.1010103971
"m1_Triceps.Hrs_Total","sigma",1.00030285315436,22077.6142711361
"m1_ForearmC.ForearmL","a",1.0001436588966,17037.0102220457
"m1_ForearmC.ForearmL","b[1]",1.00019684777397,20382.0025199223
"m1_ForearmC.ForearmL","b[2]",1.00053954137698,19412.5582580529
"m1_ForearmC.ForearmL","b[3]",1.00075785034111,21098.4781579411
"m1_ForearmC.ForearmL","b[4]",1.00055438529994,18902.9248802244
"m1_ForearmC.ForearmL","d",1.00015961628894,21528.091592802
"m1_ForearmC.ForearmL","sigma",1.00025709894817,20274.0870902141
"m1_Tibia.Femur","a",1.00009376381488,15280.1770797543
"m1_Tibia.Femur","b[1]",1.00021313878291,10947.5556031432
"m1_Tibia.Femur","b[2]",1.00005342483713,9375.19985923266
"m1_Tibia.Femur","b[3]",1.00019501816039,9898.96571573426
"m1_Tibia.Femur","b[4]",1.00107694210726,8567.03772094341
"m1_Tibia.Femur","d",1.00036179343837,6993.17944790001
"m1_Tibia.Femur","sigma",1.00014182516826,14374.9937732396
"m1_Arm.Leg","a",1.00026061213721,13361.0553024289
"m1_Arm.Leg","b[1]",0.999977840316406,9977.33443207242
"m1_Arm.Leg","b[2]",1.0002077123538,10312.1347816046
"m1_Arm.Leg","b[3]",0.999907003332902,10312.9851135352
"m1_Arm.Leg","b[4]",1.00003387199378,9730.11881006542
"m1_Arm.Leg","d",1.00007804440241,7394.58020583595
"m1_Arm.Leg","sigma",1.0001811050792,14713.3484808835
"m1_Humerus.Femur","a",1.00038208878738,17433.8521351359
"m1_Humerus.Femur","b[1]",1.00075554754444,13648.0953397549
"m1_Humerus.Femur","b[2]",1.00002523674332,13461.0643715196
"m1_Humerus.Femur","b[3]",1.00050844249087,14885.2075233769
"m1_Humerus.Femur","b[4]",1.00004375748583,13041.796727757
"m1_Humerus.Femur","d",1.00031260452039,9957.99716525087
"m1_Humerus.Femur","sigma",1.00050323446683,16591.4337174455
"m1_ForearmL.Humerus","a",1.00015447815885,18146.1430156603
"m1_ForearmL.Humerus","b[1]",1.00002078972489,16082.1910260363
"m1_ForearmL.Humerus","b[2]",1.00003115081094,16604.560427112
"m1_ForearmL.Humerus","b[3]",1.00062876993127,17764.1402447919
"m1_ForearmL.Humerus","b[4]",1.00000408577854,16316.0576202007
"m1_ForearmL.Humerus","d",1.00021636348838,12910.0651033129
"m1_ForearmL.Humerus","sigma",1.0001556858957,19328.5696267438
"m1_Finger.HandLength","a",1.00017316057888,12989.5425145478
"m1_Finger.HandLength","b[1]",1.0002285058818,10051.2076973449
"m1_Finger.HandLength","b[2]",1.00026848019792,9583.36770400377
"m1_Finger.HandLength","b[3]",1.00025170327617,9162.22842758742
"m1_Finger.HandLength","b[4]",1.0000636114211,8249.19021640359
"m1_Finger.HandLength","d",1.00027227156783,6654.56190788311
"m1_Finger.HandLength","sigma",1.00008938563058,13023.2007976167
"m1_Biacrom.Biiliac","a",1.00033966253989,20934.6532582533
"m1_Biacrom.Biiliac","b[1]",1.00010829301217,22066.6818590783
"m1_Biacrom.Biiliac","b[2]",1.00040546308949,20004.3984537411
"m1_Biacrom.Biiliac","b[3]",1.00006757712336,20432.467273495
"m1_Biacrom.Biiliac","b[4]",1.00036449794687,21072.9921842351
"m1_Biacrom.Biiliac","d",0.99996316990967,18955.7356132376
"m1_Biacrom.Biiliac","sigma",1.00002137860375,20031.0782247861
"m1_ForearmC.Hrs_Total","a",1.00019381553986,16423.5138538007
"m1_ForearmC.Hrs_Total","b[1]",0.999960752753798,20256.4453774848
"m1_ForearmC.Hrs_Total","b[2]",1.00119028741216,20045.2948450788
"m1_ForearmC.Hrs_Total","b[3]",0.999998888132891,19700.4445009063
"m1_ForearmC.Hrs_Total","b[4]",1.00055676003882,17541.3727246322
"m1_ForearmC.Hrs_Total","d",1.00015513235394,18186.6411750968
"m1_ForearmC.Hrs_Total","sigma",1.00028002067282,21666.8938626679
"m1_ForearmC.ForearmL.Hrs_Total","a",1.00047694459807,14892.4041746437
"m1_ForearmC.ForearmL.Hrs_Total","b[1]",1.00026333843037,15972.0780364613
"m1_ForearmC.ForearmL.Hrs_Total","b[2]",0.999984413423869,17811.4902077901
"m1_ForearmC.ForearmL.Hrs_Total","b[3]",1.00025021738205,15953.192247292
"m1_ForearmC.ForearmL.Hrs_Total","b[4]",1.00005281472541,17390.1451340124
"m1_ForearmC.ForearmL.Hrs_Total","d",1.00066279649277,18422.311989816
"m1_ForearmC.ForearmL.Hrs_Total","e",1.00001479444168,16199.8795520541
"m1_ForearmC.ForearmL.Hrs_Total","sigma",1.0002158166166,17060.5721692611
